{"cameraMode":{"drawMode":0,"name":"Shaded","section":"Shading Mode"},"sceneLighting":true,"audioPlay":false,"sceneViewState":{"m_AlwaysRefresh":false,"showFog":true,"showSkybox":true,"showFlares":true,"showImageEffects":true,"showParticleSystems":true,"showVisualEffectGraphs":true,"m_FxEnabled":true},"in2DMode":false,"pivot":{"x":2531.27001953125,"y":18.535329818725587,"z":331.7170104980469},"rotation":{"x":-0.027820613235235215,"y":-0.48089006543159487,"z":0.015414691530168057,"w":-0.8763235211372376},"size":44.24879837036133,"orthographic":false}